{"cameraMode":{"drawMode":0,"name":"Shaded","section":"Shading Mode"},"sceneLighting":false,"audioPlay":false,"sceneViewState":{"m_AlwaysRefresh":false,"showFog":true,"showSkybox":false,"showFlares":true,"showImageEffects":true,"showParticleSystems":true,"showVisualEffectGraphs":true,"m_FxEnabled":true},"in2DMode":false,"pivot":{"x":1.456015944480896,"y":1.8361406326293946,"z":0.013462722301483155},"rotation":{"x":-0.03286319226026535,"y":-0.9491047859191895,"z":0.10578515380620957,"w":-0.29484423995018008},"size":0.16760027408599854,"orthographic":true}